month,Sales,Margin,Growth %
Feb-20,590, 0.17 , -0.01667 
Mar-20,620, 0.14 , 0.05085 
Apr-20,610, 0.10 , -0.01613 
May-20,640, 0.18 , 0.04918 
Jun-20,650, 0.12 , 0.01563 
